{
  "project_info": {
    "project_number": "331555916587",
    "firebase_url": "https://dropp-222807.firebaseio.com",
    "project_id": "dropp-222807",
    "storage_bucket": "dropp-222807.appspot.com"
  },
  "client": [
    {
      "client_info": {
        "mobilesdk_app_id": "1:331555916587:android:f0f8d6e88b801658",
        "android_client_info": {
          "package_name": "com.dropp.customer"
        }
      },
      "oauth_client": [
        {
          "client_id": "331555916587-24rc9rlpal2703681kmqnr2i42clnjbd.apps.googleusercontent.com",
          "client_type": 3
        }
      ],
      "api_key": [
        {
          "current_key": "AIzaSyAAQjhIYGFjUmWcwou-lWBb8nQzJZdEGzk"
        }
      ],
      "services": {
        "analytics_service": {
          "status": 1
        },
        "appinvite_service": {
          "status": 1,
          "other_platform_oauth_client": []
        },
        "ads_service": {
          "status": 2
        }
      }
    },
    {
      "client_info": {
        "mobilesdk_app_id": "1:331555916587:android:b7effd67982beb17",
        "android_client_info": {
          "package_name": "com.dropp.driver"
        }
      },
      "oauth_client": [
        {
          "client_id": "331555916587-24rc9rlpal2703681kmqnr2i42clnjbd.apps.googleusercontent.com",
          "client_type": 3
        }
      ],
      "api_key": [
        {
          "current_key": "AIzaSyAAQjhIYGFjUmWcwou-lWBb8nQzJZdEGzk"
        }
      ],
      "services": {
        "analytics_service": {
          "status": 1
        },
        "appinvite_service": {
          "status": 1,
          "other_platform_oauth_client": []
        },
        "ads_service": {
          "status": 2
        }
      }
    }
  ],
  "configuration_version": "1"
}